,title,url,content
0,Re: [名人] 翁大院長岳生先生,https://www.ptt.cc//bbs/Gossiping/M.1119361001.A.DA8.html,"作者kea (蒼天已死)看板Gossiping標題Re: [名人] 翁大院長岳生先生時間Tue Jun 21 21:43:26 2005

  根據法律系林群弼老師講...

  當初翁老師把研究室借給阿扁唸書..阿扁有時候就整晚睡在裡面...

  法學院晚上其實很可怕..以前當然就更可怕...

  阿扁敢睡在法學院裡其實還滿猛的...


  林老師又說..好像有一篇報導有說..

  當初阿扁要去當美麗島的律師..

  翁曾經有跟他說..這是一條不歸路..如果你留在學術界..會有很好的成就...

  但如果你去去辯護..那可能就要陷進去了...你要想清楚...

  陳水扁沉默很久..只說了一聲..謝謝老師..就轉頭出去了...


  林老師說當初他看到這段超感動..眼淚都掉出來...

  後來一次會議就跑去問翁老師說..

  ""ㄟㄟ..翁院長...這甘是真的??很感人咧...""

  翁就揮了揮手..說

  ""阿..那都是記者唬爛啦..我只跟他說要細意而已...""



※ 引述《cogi (昂首闊步)》之銘言：
: 翁岳生是阿扁的老師啊
: 而且是恩師吧,當年在台大,翁的研究室還會借給阿扁唸書
: 當年阿扁結婚請了四個老師去
: 翁岳生就是其中之一,好像真的是主婚人吧
: 反而是李鴻禧,根本是阿扁畢業才進台大的
: 什麼阿扁的老師[email protected]@
: ※ 引述《kokora (浪子心聲)》之銘言：
: : 我們法律學子界　常常有聽到一個傳言
: : 就是曾經贊助過當今台灣民選總統的翁岳生院長
: : 還曾經是阿扁與叔珍的主婚人
: : 在阿扁就任立委其間　為了某個法案還是啥的
: : 去蓋翁岳生老師的布袋
: : 有沒有人能告訴我這是虎爛的？

"
1,Re: [名人] 翁大院長岳生先生,https://www.ptt.cc//bbs/Gossiping/M.1119361001.A.DA8.html,"作者kea (蒼天已死)看板Gossiping標題Re: [名人] 翁大院長岳生先生時間Tue Jun 21 21:43:26 2005

  根據法律系林群弼老師講...

  當初翁老師把研究室借給阿扁唸書..阿扁有時候就整晚睡在裡面...

  法學院晚上其實很可怕..以前當然就更可怕...

  阿扁敢睡在法學院裡其實還滿猛的...


  林老師又說..好像有一篇報導有說..

  當初阿扁要去當美麗島的律師..

  翁曾經有跟他說..這是一條不歸路..如果你留在學術界..會有很好的成就...

  但如果你去去辯護..那可能就要陷進去了...你要想清楚...

  陳水扁沉默很久..只說了一聲..謝謝老師..就轉頭出去了...


  林老師說當初他看到這段超感動..眼淚都掉出來...

  後來一次會議就跑去問翁老師說..

  ""ㄟㄟ..翁院長...這甘是真的??很感人咧...""

  翁就揮了揮手..說

  ""阿..那都是記者唬爛啦..我只跟他說要細意而已...""



※ 引述《cogi (昂首闊步)》之銘言：
: 翁岳生是阿扁的老師啊
: 而且是恩師吧,當年在台大,翁的研究室還會借給阿扁唸書
: 當年阿扁結婚請了四個老師去
: 翁岳生就是其中之一,好像真的是主婚人吧
: 反而是李鴻禧,根本是阿扁畢業才進台大的
: 什麼阿扁的老師[email protected]@
: ※ 引述《kokora (浪子心聲)》之銘言：
: : 我們法律學子界　常常有聽到一個傳言
: : 就是曾經贊助過當今台灣民選總統的翁岳生院長
: : 還曾經是阿扁與叔珍的主婚人
: : 在阿扁就任立委其間　為了某個法案還是啥的
: : 去蓋翁岳生老師的布袋
: : 有沒有人能告訴我這是虎爛的？

"
2,Re: [名人] 翁大院長岳生先生,https://www.ptt.cc//bbs/Gossiping/M.1119361001.A.DA8.html,"作者kea (蒼天已死)看板Gossiping標題Re: [名人] 翁大院長岳生先生時間Tue Jun 21 21:43:26 2005

  根據法律系林群弼老師講...

  當初翁老師把研究室借給阿扁唸書..阿扁有時候就整晚睡在裡面...

  法學院晚上其實很可怕..以前當然就更可怕...

  阿扁敢睡在法學院裡其實還滿猛的...


  林老師又說..好像有一篇報導有說..

  當初阿扁要去當美麗島的律師..

  翁曾經有跟他說..這是一條不歸路..如果你留在學術界..會有很好的成就...

  但如果你去去辯護..那可能就要陷進去了...你要想清楚...

  陳水扁沉默很久..只說了一聲..謝謝老師..就轉頭出去了...


  林老師說當初他看到這段超感動..眼淚都掉出來...

  後來一次會議就跑去問翁老師說..

  ""ㄟㄟ..翁院長...這甘是真的??很感人咧...""

  翁就揮了揮手..說

  ""阿..那都是記者唬爛啦..我只跟他說要細意而已...""



※ 引述《cogi (昂首闊步)》之銘言：
: 翁岳生是阿扁的老師啊
: 而且是恩師吧,當年在台大,翁的研究室還會借給阿扁唸書
: 當年阿扁結婚請了四個老師去
: 翁岳生就是其中之一,好像真的是主婚人吧
: 反而是李鴻禧,根本是阿扁畢業才進台大的
: 什麼阿扁的老師[email protected]@
: ※ 引述《kokora (浪子心聲)》之銘言：
: : 我們法律學子界　常常有聽到一個傳言
: : 就是曾經贊助過當今台灣民選總統的翁岳生院長
: : 還曾經是阿扁與叔珍的主婚人
: : 在阿扁就任立委其間　為了某個法案還是啥的
: : 去蓋翁岳生老師的布袋
: : 有沒有人能告訴我這是虎爛的？

"
3,Re: [政商] 有沒有前任管媒體局長林佳隆的八卦,https://www.ptt.cc//bbs/Gossiping/M.1119364372.A.D47.html,"作者bareback (bareback)看板Gossiping標題Re: [政商] 有沒有前任管媒體局長林佳隆的八卦時間Tue Jun 21 22:57:05 2005
關於林先生的傳聞很多，
傳最盛的就是他在學運時候的女學妹(?還是同學?)結識然後發展出革命情誼
兩人是學運圈裡的「革命情侶」，傳為佳話
反正他的女友也是一個大咖，但不是泛雲，泛雲跟現任民進黨文宣部主任曾經在一起過
林出國念書後，認識了企業家的外甥女，
然後就棄了「革命伙伴」，跟富家女在一起
說什麼認識的時候根本不知道對方有錢，是騙人的
因為據當時搞學運的人說，當時林在美的生活費什麼的都是女方援助的
而林的棄糟糠妻而就富家女的行為，也很讓當時的學運份子不以為然
另有個小插曲是
林在國外念書時，是許多小學弟學妹的「精神領袖」，
大家都很崇拜他，而他也立志要當「總統」。
有回，學妹在公開的場合問：學長，你要回去選總統嗎?(意思是要不要回台投票)
沒想到林先生會錯意，以為人家問他要不要「選總統」，
紅著臉，很不好意思地表示：談這些規畫有點太遠。欲迎還拒，暗爽半天。
以上是和一些當年搞學運的人聊的。


※ 引述《lane ()》之銘言：
: ※ 引述《eatpeanut (嚕殺殺西~~~嚕殺殺!!  )》之銘言：
: : 之前看過一篇專訪
: : 他很愛看書
: : 他家的書暴多的 多到書架放不下 連地板拉開裡面都有藏書
: : 去美國留學之前
: : 就已經把上課要用的書都看完了
: : 大概天生是一個讀書人吧
:   聽說他要去美國留學帶了幾廂書
:   回台灣的時候 書多到要用貨櫃運回來
:   鄰家龍家裡本來就不窮吧

"
4,[八卦] 海洋音樂祭的八卦,https://www.ptt.cc//bbs/Gossiping/M.1119364785.A.D9B.html,"作者Bernstein (人微言輕)看板Gossiping標題[八卦] 海洋音樂祭的八卦時間Tue Jun 21 22:50:31 2005
今天去訪問海洋音樂祭的主辦人
他說
其實今年剛開始邀請Bob Dylan的時候
Bob Dylan有表現出高度的興趣
因為他有聽說過台灣
可是一直不知道這個「南洋熱帶島嶼」究竟在哪
所以想來看看
可是…
因為種種我不曉得的理由
這邀請函必須由「總X府」發函邀請
當時主辦人向上級承報時
上級給的答案是…「等忙完國會選舉再說」
意思就是說…
請Dylan等我們忙完了再說

靠！！！
你知道「每一天」世界上有多少團體搶著要邀請Dylan嗎？
兩百！！
200！！
貳百！！
每天耶～～
區區一個南洋熱帶島嶼有這麼大的吸引力讓Dylan等那麼久嗎？？

真是腦傷
就因為這種愚蠢的理由
今年Dylan又來不了了
台灣的搖滾迷就只能在紀錄片中看他！！

最後我一定要說
白癡記者請自己用腳去跑新聞
自己動筆寫文章
不要跟我靠杯什麼網路是公共空間
所以文章可以抄
敢抄我就操你舅舅！

"
5,Re: 有沒有駕訓班的八卦？,https://www.ptt.cc//bbs/Gossiping/M.1119366798.A.776.html,"作者eten (eten)看板Gossiping標題Re: 有沒有駕訓班的八卦？時間Tue Jun 21 23:25:01 2005
※ 引述《chaosteam (藤扣蘭)》之銘言：
:        才剛考完駕照，所以才想要來問
:        我是有聽說沒有參加駕訓班然後去考駕照的話會很難考
:        事實真的是如此嗎？

應該沒有
我有國中一老師就是沒參加駕訓班
自己跟朋友借車 在撫遠街附近的塔悠路練一個下午
就跑去考照 一次就過了

我有親戚以前在監理處當過官
跟一堆監理處的核照人員很熟
在很早未電腦化及有監視系統存在前
監理處的確是可以上下其手 很黑的單位
我家人有人去參加訓練班
要考照時 人先坐在駕駛座上裝裝樣子
隨後就跟旁邊監考的人對換位子
由監考人開車 然後就拿到駕照
不過這張駕照根本是廢紙一張
因為後來根本不敢開上街頭

這種事情當年很司空見慣
只要你有人脈或敢花錢
要拿到駕照不難 難的事敢不敢以後開車上路

前幾年士林那邊監理處就爆發貪瀆案件
原因大客車（還是貨櫃車）駕駛常常有槍手代考
監考人員有收錢 坐視那幾個熟面孔的常來考照
後來是裝了監視器 逮到畫面
一干子相關公務員通通去吃牢飯
自此後聽說就很乾淨
不過也就比較難考了

"
6,Re: [八卦] 海洋音樂祭的八卦,https://www.ptt.cc//bbs/Gossiping/M.1119367458.A.DCE.html,"作者jagdzaku (聯邦去死吉翁萬歲)看板Gossiping標題Re: [八卦] 海洋音樂祭的八卦時間Tue Jun 21 23:39:58 2005
※ 引述《Bernstein (人微言輕)》之銘言：
: ※ 引述《jagdzaku (聯邦去死吉翁萬歲)》之銘言：
: : 這和之前我在看過的報導不同
: : 記得是Bob Dylon希望他的首度訪台演出能有個""主題"",就是說不要只是來露個臉唱幾首歌
: : 就走人.而我們居中聯繫的人(記得是邱藝人還是前新聞局長還有其他人)所提出的構想好
: 推動人姓廖
: 請做好功課
: Google就查得到
: : 像不夠吸引他.當然現在的政府想要透過反戰聞名的Dylon炒作台海議題的用心是一定有的
: : 但應該不是原po說的那樣
: 嗯
: 他的位置不方便批評上級
: 這段話是我今天在和他聊音樂時
: 順口聊到的
: 相不相信就隨各位看官吧

唔,沒聽過八卦板也要作功課,好吧,我查了.記憶果然靠不住
但叫別人查google,你查了嗎?
http://blog.yam.com/SoundsandFury/archives/90752.html
對,推動的人姓廖,他被聯合報採訪時說的話:
錢不是狄倫最重視的，以狄倫在搖滾史上的地
位，對方經紀人希望有「event」（事件）、有「issue」（議題）才願意來
報導士中也提到他透過最近在洋基事件中被罵到臭頭的某立委去游說總統來推動
後來就沒下文了.如果他能透過那位立委,應該就沒有你說的""官員用選舉沒空打回票""的事

我貼的這個聯結是別人的blog,後面有很多人回應.大家都滿質疑這消息的真實性
關於""推動人"",某位網友的評論是:
xxx講的話
至少要打個六折
他是澎風大王

再引海洋官網的回應:
Q：Bob Dylan 今年確定會來海洋嗎？
A：很努力在邀請，但對方婉拒了，很遺憾，來年會再加油，感謝多方關注。

這樣,到底是誰汎政治化呢?

"
7,Re: [八卦] 謝長停的八卦,https://www.ptt.cc//bbs/Gossiping/M.1119368570.A.49B.html,"作者lane ()看板Gossiping標題Re: [八卦] 謝長停的八卦時間Tue Jun 21 23:59:13 2005
※ 引述《alains (Lacuna Inc.這診所在哪?)》之銘言：
: ※ 引述《Bernstein (人微言輕)》之銘言：
: : 嗯…
: : 聽說他要出陶笛專輯了
: : 發片日預定八月
: : 聽說TVBullShit要拿這種爛新聞作獨家...
:  年輕的時候八卦
:  年輕時候練體操,很有雄心壯志想拿奧運金牌
:  突然在某天看到外國的訓練,還是表演
:  就知道以台灣的訓練環境(or他個人實力)要拿牌是不可能的
:  所以就不練了
:  不練體操後,就開始用功讀書,
:  有在練體育的應該知道,練習都不夠了,哪有時間唸書
:  神奇的是給他考上了,可見他相當努力外加有天份
:  上大學後,因為基礎沒打好,所以狂接家教,強迫自己把以前基礎補回來
:  好像沒八卦到
:  誰有南非武官官邸事件的八卦哩?

   南非武官喔　那時謝長廷沒事幹　
　
　 他的幕僚獻策要他去跟陳進興談判

   最後促成陳進興投降 然後謝幫陳還是陳妻的弟弟張稚暉辯護

   那個幕僚,現在在當新聞局長


   另外說一下謝長廷的小八卦

   很多北部的年輕人以為謝長廷是高雄人

   錯了喔 他是台北人 而且他有加入大同區的扶輪社

   我老師也是扶輪社其中一員

   他有給我看過扶輪社的通訊錄 上面一堆有錢人跟支持台灣獨立的(這句我加的)

   我老師有次跟我槓古說他曾經救過謝長廷

   我問啥事

   他說十幾年前  當時謝長廷還是小民意代表的時候

   他身邊跟了幾個助理

   有一次我老師去美國幫他小孩子搬家

   回台灣的飛機上  他跟他旁邊的乘客聊天


   後來那乘客就問他說:""你認不認識謝長廷?""

   我老師是""最愛裝不熟魔人""  就裝傻說:不認識阿 他是誰??

   對方就拿出名片 上面的抬頭是謝長廷的助理 某某人


   過了一會 我老師裝睡 偷喵旁邊的人

   發現他在跟另外一個人打暗號 還是啥的

   我老師以前被情治單位抓過 所以他直覺知道這些人來頭不小

   所以他回到台灣之後  打電話跟謝長廷要他注意身邊的人

   後來謝長廷查出來

   那些人是警備總隊派來臥底 用來監視謝長廷一舉一動的!

   後來謝花了一番功夫才送走這些人..

   小八卦結束

"
8,Re: [八卦] 謝長停的八卦,https://www.ptt.cc//bbs/Gossiping/M.1119371263.A.590.html,"作者eslite12 (recta sequi)看板Gossiping標題Re: [八卦] 謝長停的八卦時間Wed Jun 22 00:43:02 2005
※ 引述《lane ()》之銘言：
:    另外說一下謝長廷的小八卦
:    很多北部的年輕人以為謝長廷是高雄人
:    錯了喔 他是台北人 而且他有加入大同區的扶輪社
(恕刪)

那我也來說點謝的八卦好了

很多人都以為謝是大同區人 但事實上他在中山區住了大半時間
最早是因為他爸爸生意失敗 他媽媽帶著他回到娘家
就是現在中山區吉林國小附近 後來他自己事業有成以後
買房子買在大直 那時候大直還不像現在有那麼多重劃區
所以才會有他女兒讀國中被辱罵的事

後來台北市劃成兩個選舉區的第一次立委選舉 因為謝打算選北區立委
戶口在士林 而他媽媽戶口放在中山區 那次切選區的行政效率又非常高
所以他媽媽並沒有投到他的票

謝在政治圈中最奇妙的地方 就是他沒活動的時候 每天晚上維持十點睡覺
而且因為他睡前跟謝太太都要打坐一個小時 所以他的手機通常九點就關

謝在台北市的人脈其實比陳水扁強很多 當年多數中產以上的老台北商人都挺他
他在台北的樁腳大都是由一些事業有成的老伯 在捐完錢後不放心成了他的義工
他們受到謝的影響 都酷愛打坐練筋骨之類的活動 只要在選舉期間
到台北市謝系人馬的競選總部 都會發現一堆伯伯在練體操
比如用腳幫自己搥背之類的

"
9,[藝人] 理欠蓉的小八卦,https://www.ptt.cc//bbs/Gossiping/M.1119371481.A.769.html,"作者tefn (All good men are taken)看板Gossiping標題[藝人] 理欠蓉的小八卦時間Wed Jun 22 00:50:03 2005
我同學他在Anna Sui(精品櫃)打工,位於新光三越信義A?館那家:)

所以,常常會遇到一些藝人來櫃上閒逛。

話說,有一天,理欠蓉小姐也來櫃上光顧,於是我同學就上前服務。

那位奶真的很大的少奶奶,挑了半天,拿了把扇子劈頭就問...

""這可以打到8折嗎?""

據我同學所說,Anna Sui即使是VIP,最多也只有打到九折。

而全台灣能打到8.5折的,只有兩位(哪兩位我忘了,反正是大企業總裁的妻子和女兒)

我同學就很客氣的對她說:""不好意思,我們只能打到九折耶...,是公司規定的。""

接著,理欠蓉一臉不可一世的表情,對我同學說:""你知道我是誰嗎?""

我同學就回說:""知道阿!你是理欠蓉^^""

理欠蓉又用不是很好的口氣對我同學說:""那就幫我打8折阿!""

我同學只是店員而已,根本無法決定,讓她那時處境很為難,

只好委屈的說:""不好意思,我們真的不能打到那麼多耶...""

後來理欠蓉又一副得理不饒人的樣子,

對我同學說:""我認識你們店長!這樣可以打8折了吧!?""

這折一打下去,如果上面不核准,要賠錢的可不是我同學??

我同學那時真的感到非常為難,理欠蓉看她猶疑的樣子,就說:""那我打電話給你們店長!""

可是怎知那位店長對她也十分倒胃口,當然就婉拒了她的要求。

理欠蓉看打折不成,就對其他飾品打主意了...


瀏覽完後,她就對我同學說:""那不然送我那只戒指好了!""

那只戒指要價4千多,如果送了,是我同學要負責,難不成扣她薪水?

4千對學生而言,可是筆大數目阿!

可是理欠蓉明明就是個少奶奶,經濟上應該比我同學優渥許多吧!

怎麼還要為難店員...

我同學當然也是婉拒了,理欠蓉大概覺得自討沒趣,就走了= =




一樣東西都沒買...........

"
10,Re: 南加大的全名是什麼?,https://www.ptt.cc//bbs/Gossiping/M.1119375818.A.057.html,"作者Synchrotron (反正又沒朋友取暱稱幹麻?)看板Gossiping標題Re: 南加大的全名是什麼?時間Wed Jun 22 01:52:56 2005
※ 引述《lachfu (神遊匿名版)》之銘言：
: ※ 引述《letoff (最溫暖的陽光)》之銘言：
: :   南加大是一間在學術研究上算是很好的大學
: :   不過該校政策是以大學生的學雜費養碩博士生
:                      nono  大學跟碩士養博士跟教授
: :   因此該校研究所的水準很高 不過大學生相對研究生來講就不是那麼的好
:                      nono  大學跟碩士班的程度都是強的很強  爛的很爛
: :   有許多人說南加大不好 實在是要看從哪一方面來看
: :   從學術面來看 該校在美國是十分突出的
: :   此外,前台大電資學院院長許博文教授就是南加大的博士
: :   該校的商學院也十分好 在美國的排名也十分前面
: 南加大很不賴阿  電機領域在全美排名1x名  有很多電機領域執牛耳的大咖教授
: 而且是少數十所私校獲得聯邦政府超多錢計畫的學校之ㄧ
: 不過就貴了點
: 而且那裡華人多了點  回到台灣的人又把學校名聲搞壞了

南加大的博士班真的很難進
進去也很容易被刷掉
那裡的台灣人真的太多了
我同學跟我抱怨
在那裡呆了兩年
他的英文變得很糟糕
除了上課老師講英文以外
同學大部分是台灣人
他又愛找同鄉的同組做報告
在外租房子也是
所以其實根本都是講台語
(當然一定有人奮發向上只跟外國人出入..可是真的很少)

他有一個同學是台碩集團的第三代
(可能不是正房..但是還是很有錢)

家裡電動的搖桿與時俱進
完全沒有退流行
玩賽車就方向盤,踏板一應俱全

嗜好是蒐集紅酒
有時候會開紅酒品嘗會
一瓶一百美金起跳

現在很多企業第三代都是唸邊的碩士畢業的
例如大頭妹陳敏勛
(有次在101頂樓看到她帶客人來參觀,老闆出馬陣勢驚人
不過安全人員沒有擋住我們這種好奇的鄉民..所以近距離看到她..
發現她頭真不小)

不過聽說最近南加大說
我們不會再因為你有錢就讓你進來我們的大學或研究所
會嚴加審核
不過大家都覺得這在虎爛


"
11,Re: [政商] 有沒有前任管媒體局長林佳隆的八卦,https://www.ptt.cc//bbs/Gossiping/M.1119379078.A.C81.html,"作者bareback (bareback)看板Gossiping標題Re: [政商] 有沒有前任管媒體局長林佳隆的八卦時間Wed Jun 22 02:53:45 2005
※ 引述《renba (聲帶發炎嚴禁唱歌)》之銘言：
: ※ 引述《bareback (bareback)》之銘言：
: : 關於林先生的傳聞很多，
: : 傳最盛的就是他在學運時候的女學妹(?還是同學?)結識然後發展出革命情誼
: : 兩人是學運圈裡的「革命情侶」，傳為佳話
: : 反正他的女友也是一個大咖，但不是泛雲，泛雲跟現任民進黨文宣部主任曾經在一起過
: : 林出國念書後，認識了企業家的外甥女，
: : 然後就棄了「革命伙伴」，跟富家女在一起
: : 說什麼認識的時候根本不知道對方有錢，是騙人的
: : 因為據當時搞學運的人說，當時林在美的生活費什麼的都是女方援助的
: : 而林的棄糟糠妻而就富家女的行為，也很讓當時的學運份子不以為然
: : 另有個小插曲是
: : 林在國外念書時，是許多小學弟學妹的「精神領袖」，
: : 大家都很崇拜他，而他也立志要當「總統」。
: : 有回，學妹在公開的場合問：學長，你要回去選總統嗎?(意思是要不要回台投票)
: : 沒想到林先生會錯意，以為人家問他要不要「選總統」，
: : 紅著臉，很不好意思地表示：談這些規畫有點太遠。欲迎還拒，暗爽半天。
: : 以上是和一些當年搞學運的人聊的。
: 據強者我朋友(前行政院長方方土身邊人士)透露
: 各個部會首長裡面最會逢迎拍馬汲汲營營的就是林
: 他說林很假又很想紅，一些其他首長也滿討厭他的
: 只是他有奇醜這個很強岳父當後台大家只好忍著


講到這個
政壇上還有個八卦是說
阿扁不是那麼信任游，所以派了身邊的人去「監軍」
據說林家隆就是扁派去的人馬
可是扁家軍諸如羅文家、馬永承都不喜歡林(林在總統府的國安會待過)
林打不進去扁家軍，反而在政院體系待久了，帶槍投靠到「游家軍」
前面有人說林家隆是新系的人馬
祇能說學運出身的都和新系關係不錯，但不見得就是新系人馬
像這次新系也還沒決定要不要挺林選市長
林算是牆頭派，沒有派系支援，就哪邊涼快哪邊靠
從扁系靠到游系就是一例
後來陳其賣也是扁系安插的人馬，任發言人位子
據說陳與林兩人還會私下較量，誰的發言工作比較好
兩個發言人有些心結
而後期游前院長許多「政蹟」和「突槌」的言行
什麼國號還有打上海之類的言論
也全出自葉國性和林家隆這兩位幕僚之手

"
12,Re: [新聞] 張震月的八卦有嗎？,https://www.ptt.cc//bbs/Gossiping/M.1119379164.A.7F6.html,"作者tarcy2767 (小紅帽)站內Gossiping標題Re: [新聞] 張震月的八卦有嗎？時間Wed Jun 22 03:29:55 2005
※ 引述《moisant (JJ)》之銘言：
: ※ 引述《bajiqa (我要M機)》之銘言：
: : http://www.ettoday.com/2005/06/19/11338-1805965.htm
: : 這則新聞...我個人是很討厭這個人...
: : 可是我有疑問，在很早已前他剛出來時不是看起來
: : 不會這樣嗎？印象中他出來沒多久就去當兵了，
: : 可是一退伍，感覺整個性情大變，這是他本性嗎？？
: : 因為跟我印象中差太多了～
: : 不過我還是很討厭他啦～
: : 不知道有沒有人有真相啊？或傳言？？
: : 感恩




我也來爆一下我學長的一些八卦吧!聽說他會出到,是因為學校的教官看他資質不錯

就問了我學長有吉他比賽你要不要參加,後來聽說他有參加，好像沒有得名,但好像有

唱片公司注意到他,就問他有沒有興趣當歌手啊!他好像一口就答應了!他也就休學去了

台北,後來聽說他有在台北找學校念，好像是復興美工吧,反正我也不太記得了,後來聽

說發片了,結果他又休學不唸了!準備專心當一位歌手. . .

後來當初拉他一把的教官好像想把他找回來,當榮譽校友. .順便勉勵學弟妹,他好像都不

太願意. .聽說是因為他不太想讓人家知道他讀過這間學校，就好像是很丟臉的意思.

後來教官也透過管道找了我學長,我學長他也是愛理不理的,把當初幫助他的教官恩情全

忘了!這位教官好像很傷心,在我進學校時,聽說這位教官已經調走了! 後來學校也不甩他. .

就當作沒這位學生. . .

就在我高二的時候,某一天就聽學校說你學長明天要回學校錄一個節目,我記得應該是MTV

的節目吧,結果果真浩浩蕩蕩的一行人來到學校錄影,還有另一個女生就是主持過八大的

勇闖美麗島,她好像有改名,結果我學長當時的個性就是跟他現在的屌樣一模一樣,完全

沒變過. . . 當時他回學校時就是一副叼兒郎鐺的樣子，我行我素,連校長也沒去見,

走在校園裡,邊走邊抽煙,亂吐痰,亂丟煙第,他的行為我們這群學弟妹全看在眼裡.

連學弟妹跟他打招呼,他也是愛理不理的,繼續抽著他的菸,我還記得好像有人看他

很不爽，就用話挑釁他,結果他就對那位學弟比了一個中指,就走掉了!

後來他回校的行為引起校長很大的不滿,為什麼可以在學校讓他抽煙,亂丟垃圾

又對學弟妹挑釁,學校怎有這樣的校友,真是可恥。我們不歡迎有這樣學長在回來學校

丟臉,交壞學弟妹. .這是我們蘇校長在朝會親自跟所有學生說的!

以他現在在演藝圈的屌樣,還是跟他當初回母校一樣沒變. 只不過他背負了忘恩負義的

罪名跟他當初回學校那些不好的行為. . .永遠會在我們學校廣為流傳. . .被學弟妹

唾棄. . .

"
13,Re: 請問有維也納少年合唱團的八卦嗎,https://www.ptt.cc//bbs/Gossiping/M.1119399473.A.575.html,"作者piatigorsky (小大便)看板Gossiping標題Re: 請問有維也納少年合唱團的八卦嗎時間Wed Jun 22 08:28:58 2005
※ 引述《lovedydy (等價交換)》之銘言：
: 最近聽了他們的歌
: 好感動喔
: 上網去找了他們的資料 知道他們10月要來台灣
: 大概知道一些已經變聲的人 還是可以單飛出唱片
: 但是那其他人呢?????
: 以前不知道聽哪裡的傳言
: 說好像希望男孩子的聲音一直都是這樣
: 會割哪裡的樣子??
: 不知道耶 請問有他們的八卦嗎

很久以前
西方有所謂的閹割男高音
就是在男孩還小的時候把他們閹了
再經過魔鬼訓練
即使長大成人 聲音也會聽起來像女高音的聲音
根據當時的人的說法
這些閹割男高音唱歌有一種無法抗拒的魅力
有一些人還因為在歌劇舞台上的崇高地位
進而在政治圈裡有影響力 有點類似中國的太監
韓德爾的許多歌劇(如凱撒大帝 Giulio Cesare)
葛路克的奧菲歐(Orfeo ed Euridice)
莫札特的狄多的仁慈(La Clemenza di Tito)等等
原本都有角色需要閹割男高音唱
現在當然不可能再對小男孩動這種野蠻的手術
所以這些角色大都改由女中音唱
有時會用假聲男高音 但這樣的力道會顯得較為不足



"
14,Re: [政商] 有沒有前任管媒體局長林佳隆的八卦,https://www.ptt.cc//bbs/Gossiping/M.1119404228.A.712.html,"作者decease (不要因為只是寂寞。)看板Gossiping標題Re: [政商] 有沒有前任管媒體局長林佳隆的八卦時間Wed Jun 22 10:27:52 2005
其實板上關於政治的八卦，百分之九十都超級豪洨，
不僅不是事實，所謂的內幕、獨家，政治圈內人聽了根本會噴飯大笑。
（不過如果是當事人應該是笑不出來啦。）
簡單八卦一下，以下八卦皆根據事實，所以可以說是小故事。

鄰家龍在台大時，是改革派（三大及相關反校內KMT學生的泛稱）裡輩份很高，
且真正能得眾望，服人心的領袖，不會像郭正暗比較臭屁，較不能服眾。
鄰家龍和鍾嘉賓算是同一個時期在台大代聯會（台大學生會前身）衝撞的戰友，
也是代聯會通過直選案，改制成學生會的最大功臣，後來兩人因為衝太猛了，
被校方記過，並要求兩人寫「悔過書」，兩人交出去的悔過書洋洋灑灑，
但沒有一字關於悔過。僅陳述自己的所作所為並沒有不對，
當場悔過書變成了自述表，校方傻眼，不知如何處理，
至於這兩份悔過書的影本在活大237裡還有。
當時改革派（台大學運）的學弟妹，是真正的佩服鄰家龍。

螺紋家、馬永城和鄰家龍感情不會太壞，彼此沒有實質競爭，
而且說到底鄰家龍在校內曾經幫助過大家，早當過螺馬兩人的領袖。
螺紋家選學生會長，已是代聯會成員之一的鄭麗軍是羅的助選大將，
為了第一次的會長選舉，鄭一個月以上沒有回家，不過把時間軸拉長來看，
鄭和鄰家龍比較熟，較可歸類於鄰家龍系統，事實是，
他們都相處愉快，畢竟在台大都是同一派系。

講到鄰家龍出國留學的大密辛，這就真的八卦了，
前面有網友說鄰家龍說過「留學是為了療傷」想必是事實，
從這點就看得出鄰家龍滿誠懇的，不會太豪洨。
話說當年學運是社運的一環，台大改革派幾乎在校外的運動也無役不與，
關心的範圍不會像現在只縮在校內討論伙食好不好吃之類。
當時發生學運領袖之一的廖偉乘被警總抓走，
廖偉呈被抓之後，全國運動份子譁然，在那個年代被抓走就很難出來了，
而廖偉呈被抓走時是被界定為最嚴重的罪名，叛亂犯。
廖偉呈營救小組開始四處奔走，策劃營救廖偉呈，
在一場街頭運動之中，台大的教授被警方毆打。
當時雖然街頭運動頻繁，但是教授被打在當時仍然算是大事，
不久之後，廖偉呈也奇蹟的被釋放出來，
其實當時所有人本來都沒預計廖偉呈會如此輕易被放出來。
之後所有營救廖偉呈相關人員，以學生為主策劃了一場大遊行，
抗議當時政府，但是參與遊行規劃的教授和學生最大的分歧，
是學生要求遊行直接殺去立法院，要求廢除刑法一百條，
除了學生之外的其他開會人士全都反對大動作殺去立院，
包括當過直轄市勞工局長的鄭村奇，然後教授紛紛強勢主導會議，
「決定」這次遊行的主張和廢除刑法一百條脫勾，
學生在會議中節節敗退，心理無限暗幹，認為這些教授如果不能接受這樣的遊行，
可以不參加，可以另立場子，幹嘛強勢主導會議，
學生眼看這場藉著廖偉呈幾乎拿生命換回來，
社會正關注的遊行快要被教授搶去主導權了（後來是誠社知名人物），
（搶主導權這種事聽起來實在很像台灣龍捲風......）
學運份子紛紛聚在一起討論，卻感束手無策，沒有人敢跟教授們硬幹，
討論之後，會議再開，鄰家龍突然爆走，對教授喊，
「搞清楚！這是我們的場子」，一邊伸手「推」大教授的肩膀，
鄰家龍氣勢一時無兩，教授們紛紛被嚇到呆，學生們無限感激鄰家龍的「犧牲」。
之後遊行，台大改革派直接把人帶去立法院，教授們說這是「遊行政變」。
這場遊行就在學生的期待之下，成為了反刑法一百條遊行，
但是，鄰家龍付出了最為慘烈的代價。
因為他受傷極重，教授們一定要鄰家龍掰掰，在這個情況之下，
鄰家龍根本沒的選，所以只能選擇出國離開。
所以話說回來，板友聽到鄰家龍說當初出國是療傷，就是這麼回事，
鄰家龍很誠實，起碼沒有豪洨說一些八股的屁話當作理由騙現在的人。

一次說完，
鄰家龍不是新系，也和新系沒特別關係，並不是新系出錢贊助出國，
鄰家龍亦非扁系，在政治系統內算是老獨派特別偏愛的年輕人，
因為覺得鄰家龍真的是塊料（當然，和他的婚姻可能不無關係），
可以歸類為台灣製褲系統，和鄭麗軍系出同門，
鄰當了行政院發言人之後，倒可以歸類於游系，遊沒什麼真正大將，
鄰家龍算是游倚重的人之一。
現在台面上，螺紋家、陳祺麥、鄰家龍各據山頭，獲得競逐百里候的舞台，
正為了次次世代領袖這個地位拼命，誰能活過百里候選舉，
誰就隱然取得2016或2012決戰的代表權。
只是這三人中，挑的地方最沒勝算的是鄰家龍（很多人其實私底下估穩死），
但拋開台面立場，圈內大家都知道，這三人裡面屬鄰家龍最是將才。
（可惜了......）






※ 引述《bareback (bareback)》之銘言：
: ※ 引述《renba (聲帶發炎嚴禁唱歌)》之銘言：
: : 據強者我朋友(前行政院長方方土身邊人士)透露
: : 各個部會首長裡面最會逢迎拍馬汲汲營營的就是林
: : 他說林很假又很想紅，一些其他首長也滿討厭他的
: : 只是他有奇醜這個很強岳父當後台大家只好忍著
: 講到這個
: 政壇上還有個八卦是說
: 阿扁不是那麼信任游，所以派了身邊的人去「監軍」
: 據說林家隆就是扁派去的人馬
: 可是扁家軍諸如羅文家、馬永承都不喜歡林(林在總統府的國安會待過)
: 林打不進去扁家軍，反而在政院體系待久了，帶槍投靠到「游家軍」
: 前面有人說林家隆是新系的人馬
: 祇能說學運出身的都和新系關係不錯，但不見得就是新系人馬
: 像這次新系也還沒決定要不要挺林選市長
: 林算是牆頭派，沒有派系支援，就哪邊涼快哪邊靠
: 從扁系靠到游系就是一例
: 後來陳其賣也是扁系安插的人馬，任發言人位子
: 據說陳與林兩人還會私下較量，誰的發言工作比較好
: 兩個發言人有些心結
: 而後期游前院長許多「政蹟」和「突槌」的言行
: 什麼國號還有打上海之類的言論
: 也全出自葉國性和林家隆這兩位幕僚之手

"
15,[八卦] 去國外的八卦,https://www.ptt.cc//bbs/Gossiping/M.1119405546.A.CF5.html,"作者ping0519 (海苔)看板Gossiping標題[八卦] 去國外的八卦時間Wed Jun 22 10:09:20 2005
前陣子聽我朋友說的，她有一次到法國去玩(去找朋友。)。

結果，走在半路的時候被一個穿得很體面的大陸女士攔住，

對方說她是出國來玩的，想買1v的東西，但是那家的東西

一人(一張護照。)只能買二件東西，可是她答應朋友要買

給她們，所以就麻煩我朋友幫她買，我朋友想了想就答應了，

對方拿出一大疊歐元給她。

(小註:我朋友當時不知道1v是有名的名品品牌。)

我朋友進去1v的店時，感覺到店內的人都用很奇怪的眼光看著

她，她想自己可能太敏感了，就拿了東西往外跑，不過還是

覺得有點怪，等到拿東西要給對方的時候，對方給了她五歐元

說她可以拿去喝咖啡，我朋友才驚覺到自己被騙了，生氣的連錢

也不拿，其實她很想回頭把東西退回去，不過因為語言不通，

所以只好生著悶氣走了。

騙局:

        後來聽朋友說，那些人都是在法國買完1v之後，然後再

高價賣回他們國內，這樣的收入還滿豐厚的。後來1v發現這種事，

就訂了一人只能買二包的規定。還是人還是有小聰明的，這些人

就利用無知同語言的人~當他們的小螞蟻，幫她們搬東西，事後

再扔一塊小餅乾屑屑~給你。然後她才想起來，原來1v奇怪的眼神

是因為這樣子，畢竟她一身學生裝和t恤樣進去1v也是挺怪的，

對方可能把她當做是同黨之類的。~""~

(他當時到歐洲玩數月)
之後他在國外碰到的大陸人好像行為都不是很好，因此只要和朋友

們出去，他們都很有共識的用台語對談。

"
16,Re: [八卦] 說一下沈副熊的八卦,https://www.ptt.cc//bbs/Gossiping/M.1119410603.A.301.html,"作者J1 (andy)看板Gossiping標題Re: [八卦] 說一下沈副熊的八卦時間Wed Jun 22 11:31:24 2005
※ 引述《Q9117 (q9117])》之銘言：
: 印像中 他是在北市有經營一家洗腎中心~~
: 這算有八掛到嗎?
: 對了~我記得他笫一次競選立委時的宣傳標題是"
17,Re: [八卦] 說一下沈副熊的八卦,https://www.ptt.cc//bbs/Gossiping/M.1119411506.A.87C.html,"作者miniko (gg)看板Gossiping標題Re: [八卦] 說一下沈副熊的八卦時間Wed Jun 22 11:49:44 2005
※ 引述《J1 (andy)》之銘言：
: ※ 引述《Q9117 (q9117])》之銘言：
: : 印像中 他是在北市有經營一家洗腎中心~~
: : 這算有八掛到嗎?
: : 對了~我記得他笫一次競選立委時的宣傳標題是"
18,Re: [八卦] 去國外的八卦,https://www.ptt.cc//bbs/Gossiping/M.1119417269.A.9CB.html,"作者rewq1117 (是的..我喜歡你..)看板Gossiping標題Re: [八卦] 去國外的八卦時間Wed Jun 22 13:37:01 2005
我2000年到巴黎去的時候也有遇到，
我跟我妹還有兩個朋友一起，
被一個操大陸口音的阿姨攔住，
要我們幫她買LV，
理由也是說要買回去送人，
她還掏出偷撕下來的型錄，
跟我們說要哪幾款的包包～
然後主動說要給我們每人50元法郎。
我們那時候還在想：
哇！死大陸人還蠻有錢的嘛！
因為我不知道LV是啥碗糕，
本來想拒絕的～
不過我朋友眼睛發亮說要進去開眼界，
大家就進去了～
一個包包要大概幾萬塊，
所以我們當時都身懷鉅款，
而且香榭大道的LV有好幾個門，
那時候應該就從另一個門落跑的說！
根本就不要幫她買～
哈哈～人性本貪～
買到以後出去交貨，
原本親切的大陸阿姨竟然換了一張精明的嘴臉，
當場拆貨檢查＆算清找的零錢，
害我到現在都很後悔沒有捲款潛逃！
不過，
那天我們一整天都沒花到自己的錢，
就拿她給的錢玩了一整天，
吃、坐摩天輪還有坐船遊塞納河～

其實香榭大道上很多這種跑單幫的人耶～
只是那天我們急著要去玩，
不然光是幫她們買東西，
應該就賺不少吧！
PRADA外面也有人在拉人，
跟站前的新光三越那些拉問卷的一樣。

順便提一下，
觀光客在國外買東西有退稅喔～
我們假裝不懂，
硬是跟那個阿姨拗到那張退稅單，
說要留下來做紀念，
回臺灣以後退了一千多塊錢說～
土包子我還要了紙袋，
回國以後我媽以為我買LV，
差點昏倒～

有機會去法國自助旅行的時候，
一定要排一天幫別人買名牌，
小賺一點！
不過我比較想要捲款潛逃，
大賺一筆～

"
19,Re: [藝人] 賈靜雯到底有沒有被騙？,https://www.ptt.cc//bbs/Gossiping/M.1119417691.A.BAD.html,"作者stationery (你忘記拿紀念品給我了!!!)看板Gossiping標題Re: [藝人] 賈靜雯到底有沒有被騙？時間Wed Jun 22 13:41:25 2005
※ 引述《satto (離目標越來越近了~)》之銘言：
: 印象中假之前都還蠻不紅的
: 後來~不是和呱歌主持一個綜藝節目
: 那個節目蠻紅的

之前瓜哥 假靜文二人主持收視率不佳 而且是瓜哥力挺假靜文主持的
所以傳出瓜哥跟她有曖昧關係@@ (這個我報上有看過)

好像叫綜藝大集合之類的節目 就是很菜市場的節目名稱 我也忘了
那時飛龍在天好像演到玉紅死了 另一個女主角跟玉紅長的一模一樣 叫白劍英
所以有些老人上來就一直叫假靜文""白劍英""
第一集好像是湖瓜臨空出場 他穿一件大裙子 裙子下面躲著假靜文

剛找的資料
http://www.libertytimes.com.tw/2001/new/mar/9/today-show7.htm

有小豬 歐第 何雨蚊 假靜文一起主持的 好像叫少年兵團 好像還有大餅

何雨蚊被小豬塞襪子 十面埋伏這個單元使何雨蚊有點小紅 假靜雯在這個單元沒出場
但是攝影棚的節目主持都是小豬跟假靜雯在說話
何雨蚊就在旁邊發呆

有一次辦觀眾票選 就是有關這四個主持人的票選 例如 誰最好笑 你最喜歡誰之類的問題
有一個問題是 在這四個主持人中哪一個人最冷場?
何雨蚊當然是第一高票 結果她就在節目中哭了.....-.-
(就只有四個人在選 一定會選一個人 何雨蚊哭屁啊....小小感想一下)

: 過了不久就去演非聾在添了
: 那時後不是還有和呱歌傳
: 她不是也和曉朱及毆第主持那個學日本的""你要去哪裡""
: 我記得那時後是她最紅的時後吧

十面埋伏 你要去哪裡 都是少年兵團的單元

當時假靜文剛好在演飛龍在天又主持節目 這節目收視率又不錯 所以那時就爆紅

: 後來~我覺得還好...
: 因為我不愛非聾
: 那時不是也和曉朱有傳?
: 不曉得是不是真的都有?

她跟小豬傳 是因為小豬演過梁山伯(歐弟演小豬的書僮 祝英台忘了是誰 好像是中視)
假靜文演過祝英台(趙擎演梁山伯 周遊製作的戲 在民視)
二人就互叫老公老婆 報導說只是二人開玩笑
不曉得是不是真的有.......

: ※ 引述《stanagain (甜心小寶貝)》之銘言：
: : 我記得假竟文的第一部作品
: : 是很久以前在華視的佳家福
: : 裡面的男性演員有趙述海 劉庚宏 上官飛名 許潔輝 跟一個小胖子
: : 請問
: : 假小姐那時候跟他們也有發生過什麼緋聞嗎？

希望有八卦到

"
20,Re: 關於最近台日兩方漁業糾紛導致的反日內幕,https://www.ptt.cc//bbs/Gossiping/M.1119423489.A.6F5.html,"作者iamiam (dvw)看板Gossiping標題Re: 關於最近台日兩方漁業糾紛導致的反日內幕時間Wed Jun 22 15:03:28 2005
※ 引述《AlphaA7M2 (Nazgul)》之銘言：
: ※ 引述《nada1986 (＊nADa＊)》之銘言：
: : 就可以知道釣魚台離台灣多近；
: : 如果釣魚台真的屬於日本的話，
: : 就表示他們的海域是到那邊，
: : 那宜蘭漁民就改當農民吧，
: : 不然一出海就準備被抓。
: 不太對吧，我國與日本的爭議地帶主要是來自與那國島的問題，
: 基本上釣魚台距離基隆港也還有222公里，與那國島跟台灣卻只有110公里的距離，
: 你所說的宜蘭漁民一出海就進入日本經濟海域主要也是因為與那國島的關係，
: 政客拿釣魚台吵根本是有心人在操作。

   釣魚台的爭議根本不是在什麼經濟海域跟漁權上
   是下面蘊含的豐富石油跟天然氣阿
   據說石油可以讓大陸用上110年
   天然氣可以讓日本用上70年
   換算成日幣有200兆日圓的經濟價值
   分給台灣人的話  每人至少可以分到1000萬
   再換成最近原油價格的話  價值就不止1000萬了
   只要掌握了能源  不是變富國就是強國
   所以說  你爭不爭  再笨的國家都知道要爭




"
21,Re: [名人] 好萊塢的女星也有陪睡的情況嗎,https://www.ptt.cc//bbs/Gossiping/M.1119425084.A.676.html,"作者Lovetech (往姥姥之路前進(′▽`)╯)看板Gossiping標題Re: [名人] 好萊塢的女星也有陪睡的情況嗎時間Wed Jun 22 15:37:14 2005
※ 引述《ziona (中華隊加油)》之銘言：
: 常常在八掛板上可以看到兩岸三地某某女星
: 為了演出機會而和某導演或製片睡覺
: 那麼在好萊塢的一些知名女星在還沒紅之前, 也有類似的情況嗎

  有  不知歌手算不算
  瑪丹娜紅之前的確是靠不同的男人慢慢爬上來的
  剛開始是小DJ  隨後一直換人這樣
  但是她自己有很懂得把握機會  發揮長才
  並不單靠上床 (畢竟單靠上床沒辦法紅超過20年)

  不過這些事她都承認  畢竟這女人從出道以來就是以走bitch路線為榮
  只不過是不是這些不堪的過去造成她對女兒管教極嚴
  還送去天主教學校  不准女兒看電視 - -

  莎朗史東則是一直很自豪她在不紅時  有導演要求陪睡
  結果她踢了人家一腳  當然角色也沒爭取到  對方也威脅要讓她混不下去
  後來她在當紅時說:我現在還在演藝圈混  而那人早就不知去哪了

  我覺得外國女星  不少都是很真性情!

"
